question,option_1,option_2,option_3,option_4,answer
케이씨에스의 주력제품 양자암호원칩에서 기능되지 않는 하나는?,양자내성암호,양자난수생성기,puf지문,양자 vpn,양자 vpn
케이씨에스와 협력하는 통신3사 중 하나는?,skt,lg u+,kt,해당 없음,skt
케이씨에스가 속한 주요 테마는 무엇인가?,2차전지,양자보안,바이오,반도체 장비,양자보안
양자보안에서 중요한 기술인 QRNG는 무엇의 약자인가?,Quantum Random Number Generator,Quick Response Network Gateway,Quantum Routing Node Grid,Quality Random Node Generator,Quantum Random Number Generator
케이씨에스 기술이 활용되는 주요 분야는?,게임 그래픽,금융 보안 시스템,자동차 엔진 설계,음식 배달 플랫폼,금융 보안 시스템
양자내성암호(PQC)의 목적은 무엇인가?,데이터 저장 용량 증가,양자컴퓨터 공격에도 안전한 암호,인터넷 속도 향상,GPU 성능 개선,양자컴퓨터 공격에도 안전한 암호
PUF 기술의 특징으로 가장 적절한 것은?,복제 가능한 소프트웨어 키,물리적 특성을 이용한 보안,클라우드 저장 기술,네트워크 속도 향상 기술,물리적 특성을 이용한 보안
케이씨에스와 관련된 기술 트렌드로 가장 가까운 것은?,메타버스 그래픽,양자암호 통신,전기차 배터리,드론 배송,양자암호 통신
양자난수생성기의 가장 큰 특징은?,예측 가능한 난수 생성,완전한 무작위성 제공,데이터 압축 기능,네트워크 연결 기능,완전한 무작위성 제공
양자보안 기술이 중요한 이유는?,게임 성능 향상,데이터 압축 때문,미래 해킹 위협 대응,전력 소비 감소,미래 해킹 위협 대응
케이씨에스 관련 기술이 특히 중요한 산업은?,패션 산업,금융 및 통신,농업,영화 산업,금융 및 통신
양자암호 기술의 핵심 목적은 무엇인가?,데이터 속도 증가,완벽한 보안 통신 구현,이미지 품질 향상,저장 용량 증가,완벽한 보안 통신 구현